Time;Open;High;Low;Last;Change;Volume;Open Int
9/11/20;10,5;10,535;10,32;10,497;-0,019;0;0
9/10/20;10,85;10,95;10,425;10,516;-0,218;13410;109626
9/9/20;10,65;10,985;10,55;10,734;-0,068;22536;111925
9/8/20;11,325;11,5;10,735;10,802;-0,43;20424;113977
9/7/20;11,5;11,685;11,165;11,232;-0,45;27625;116462
9/4/20;11,885;12,2;11,65;11,682;-0,051;19075;115380
9/3/20;11,1;11,875;11,1;11,733;0,623;39144;110124
9/2/20;11,375;11,45;10,855;11,11;-0,187;35183;110217
9/1/20;11;11,845;11;11,297;0,058;29482;106490
8/31/20;11,3;11,625;11,09;11,239;0,07;23539;107207
8/28/20;10,525;11,38;10,525;11,169;0,911;5700;106312
8/27/20;10,675;10,765;10,15;10,258;-0,379;27802;106963
8/26/20;10,4;11;10,35;10,637;0,311;30542;113384
8/25/20;10,025;10,42;9,830001;10,326;0,438;30400;116644
8/24/20;9,475;10,04;9,455001;9,888;0,658;16926;114866
8/21/20;9,56;9,7;9,150001;9,23;-0,482001;12535;115086
8/20/20;9,75;9,900001;9,655001;9,712001;-0,130999;16060;117594
8/19/20;10,095;10,325;9,72;9,843;-0,118;14200;117779
8/18/20;9,7;10,2;9,63;9,961;0,341;18954;114817
8/17/20;9,85;9,875;9,5;9,62;0,121;19181;110297
8/14/20;9;9,75;8,88;9,499;0,558999;13235;108672
8/13/20;8,835;9,1;8,805;8,940001;0,308001;21375;105197
8/12/20;8,645;9,05;8,5;8,632;-0,276;8814;106028
8/11/20;8,925;9,335;8,875;8,908;-0,109;19001;101977
8/10/20;9,35;9,585;8,940001;9,017;-0,230001;13307;101729
8/7/20;9,055;9,63;8,975;9,247001;-0,028999;14075;98666
8/6/20;8,900001;9,325;8,900001;9,276;0,392;26570;94274
8/5/20;8,695;8,98;8,695;8,884;0,042;25171;97746
8/4/20;8,7;9,035;8,605;8,842;0,476;11888;97264
8/3/20;7,845;8,605;7,845;8,366;0,694;28055;99926
7/31/20;7,665;7,74;7,6;7,672;0,027999;15025;103497
7/30/20;7,625;7,82;7,565;7,644001;0,018001;3285;103512
7/29/20;7,625;7,75;7,565;7,626;0,176;9020;103068
7/28/20;7,285;7,515;7,245;7,45;0,18;5365;104043
7/27/20;7,3;7,365;7,225;7,27;-0,119;4435;104373
7/24/20;7,33;7,425;7,315;7,389;-0,039;11547;103994
7/23/20;7,375;7,56;7,375;7,428;0,064;7871;104864
7/22/20;7,255001;7,425;7,23;7,364;0,079;7403;105521
7/21/20;7,265;7,335;7,25;7,285;0,127;7634;104297
7/20/20;7,455;7,49;7,08;7,158;-0,56;5332;104241
7/17/20;7,765;7,855;7,685;7,718;0,007;10588;104136
7/16/20;7,65;7,76;7,630001;7,711;-0,14;5860;104521
7/15/20;8,01;8,075;7,705;7,851;-0,069;7885;104613
7/14/20;8,16;8,190001;7,845;7,92;-0,234;6830;104833
7/13/20;8,455001;8,475;8,115001;8,154;-0,201;7054;106442
7/10/20;8,345;8,375;8,240001;8,355;-0,109;11453;102877
7/9/20;8,47;8,64;8,43;8,464;-0,106;6155;101277
7/8/20;8,575;8,725;8,5;8,57;-0,079;5070;100602
7/7/20;8,64;8,925;8,625;8,649;0,031;7428;100582
7/6/20;8,585;8,655001;8,545;8,618;0,215;7050;100452
7/3/20;8,190001;8,455001;8,190001;8,403;0,186;9817;100008
7/2/20;8,065001;8,325;8,05;8,217;0,112;12308;98591
7/1/20;8,185;8,29;8,05;8,105;-0,098;9522;97468
6/30/20;8,25;8,42;8,150001;8,203;-0,047;7419;97269
6/29/20;7,95;8,29;7,945;8,25;0,385;13030;94099
6/26/20;7,8;7,9;7,76;7,865;-0,021;5772;94137
6/25/20;8,025001;8,05;7,875;7,886;-0,264001;6230;93101
6/24/20;8,365001;8,395;8,150001;8,150001;-0,269999;10318;89333
6/23/20;8,3;8,475;8,3;8,42;0,235;5951;89179
6/22/20;8,240001;8,26;8,095;8,185;-0,089;6778;88029
6/19/20;8,22;8,35;8,195;8,274;0,182;2410;88114
6/18/20;7,9;8,1;7,9;8,092;0,228;5750;87134
6/17/20;7,65;8,01;7,6;7,864;0,022999;10970;86458
6/16/20;7,855;8,04;7,725;7,841001;0,030001;8560;87635
6/15/20;7,755001;7,85;7,75;7,811;0,104;13504;87148
6/12/20;7,765;7,825;7,6;7,707;0,098;12405;90317
6/11/20;7,515;7,745;7,515;7,609;-0,023;5543;90984
6/10/20;7,495;7,725;7,495;7,632;0,043;5686;90173
6/9/20;7,705;7,75;7,57;7,589;-0,277001;6825;89218
6/8/20;8,22;8,305;7,73;7,866001;-0,371999;6000;89549
6/5/20;7,8;8,395;7,8;8,238;0,331;7860;88237
6/4/20;7,625;8,05;7,475;7,907;0,108;8575;86679
6/3/20;7,645;7,925;7,495;7,799;0,245;9585;84659
6/2/20;7,285;7,62;7,27;7,554;0,488;11443;82235
6/1/20;7,07;7,235;7,06;7,066;-0,254;8680;84308
5/29/20;7,37;7,425;7,17;7,32;0,238;4869;85698
5/28/20;7,295;7,35;7,06;7,082;-0,164;5530;88106
5/27/20;7,3;7,33;7,205;7,246;-0,279;6802;85357
5/26/20;7,725;7,85;7,46;7,525;-0,264;3559;84186
5/25/20;7,7;7,789;7,7;7,789;0,494;5330;83786
5/22/20;6,95;7,455;6,775;7,295;-0,027;570;83651
5/21/20;7,55;7,625;7,275;7,322;-0,535;9190;83628
5/20/20;8;8,075;7,8;7,857;-0,071;12045;85002
5/19/20;8,1;8,105;7,91;7,928;-0,278;7116;86371
5/18/20;8,575;8,575;8,2;8,206;-0,244;5855;85166
5/15/20;8,6;8,650001;8,425;8,45;-0,049;9253;81519
5/14/20;8,425;8,525001;8,425;8,499;0,093;9181;79762
5/13/20;8,51;8,51;8,395;8,406;-0,252999;8971;77532
5/12/20;8,875;8,875;8,61;8,658999;-0,350001;8620;76429
5/11/20;8,900001;9,1;8,875;9,009;0,037;6685;76414
5/8/20;8,95;8,975;8,95;8,972;-0,037;5816;75587
5/7/20;9;9,025001;8,935;9,009;0,160999;90;75572
5/6/20;8,75;8,935;8,75;8,848001;0,116001;2995;75267
5/5/20;8,85;8,85;8,725;8,732;0,043;2200;75227
5/4/20;8,775001;8,775001;8,650001;8,689;-0,021;4090;75231
5/1/20;8,900001;8,935;8,650001;8,71;-0,287001;6360;74139
4/30/20;8,900001;9,1;8,900001;8,997001;0,004001;4311;73235
4/29/20;9,2;9,225;8,993;8,993;-0,083;3855;72629
4/28/20;8,95;9,125;8,95;9,076;0,096;3495;72620
4/27/20;8,95;9,035;8,925;8,98;-0,014;5029;72404
4/24/20;9,1;9,125;8,84;8,994;-0,248;2815;71947
4/23/20;9,3;9,35;9,175;9,242;-0,219;5240;71802
4/22/20;9,5;9,7;9,461;9,461;-0,127;3865;73922
4/21/20;9,75;9,75;9,55;9,588;-0,297;4950;73738
4/20/20;9,900001;9,96;9,8;9,885;-0,182;4994;72679
4/17/20;10,1;10,175;9,955001;10,067;0,305;5630;71869
4/16/20;9,775001;10,04;9,762;9,762;0,32;6877;71477
4/15/20;9,625;9,625;9,43;9,442;-0,292;10560;69102
4/14/20;9,79;9,79;9,734;9,734;-0,347;3494;69227
4/13/20;10,081;10,081;10,081;10,081;0;3385;69607
4/9/20;9,990001;10,081;9,925;10,081;0,087;0;69607
4/8/20;10,14;10,2;9,975;9,994;-0,113;5334;68842
4/7/20;10,15;10,45;10,107;10,107;0,033;5715;69487
4/6/20;9,6;10,15;9,6;10,074;0,482999;5975;67562
4/3/20;9,5;9,7;9,5;9,591001;0,084001;3490;67577
4/2/20;9,45;9,507;9,45;9,507;0,231999;5565;69074
4/1/20;9,225;9,325;9,175;9,275001;-0,043999;5560;69322
3/31/20;9,435;9,45;9,305;9,319;0,125;3361;69193
3/30/20;9,3;9,37;9,13;9,194;-0,299;5835;67524
3/27/20;9,6;9,650001;9,490001;9,493;-0,362;3195;67207
3/26/20;9,780001;9,855;9,7;9,855;-0,039;4930;66104
3/25/20;9,85;9,895;9,82;9,894;0,052999;4575;65213
3/24/20;9,975;9,975;9,841001;9,841001;0,168001;6186;65115
3/23/20;9,745;9,865001;9,673;9,673;-0,299;4882;66481
3/20/20;10,16;10,25;9,955001;9,972;-0,095;4155;65869
3/19/20;10,025;10,095;9,940001;10,067;0,139;5955;65351
3/18/20;9,900001;10,005;9,895;9,928;-0,218;7789;66230
3/17/20;10,35;10,35;10,125;10,146;-0,318;6499;66337
3/16/20;10,425;10,475;10,425;10,464;-0,39;8125;66094
3/13/20;11,05;11,1;10,82;10,854;0,064;8365;64492
3/12/20;10,7;10,79;10,7;10,79;-0,265;5062;64181
3/11/20;11,055;11,055;11,055;11,055;0,176;10590;64363
3/10/20;10,879;10,879;10,879;10,879;0,324;9930;64343
3/9/20;10,35;10,555;10,35;10,555;-0,198;6050;63603
3/6/20;10,9;10,9;10,753;10,753;-0,281;12326;62441
3/5/20;11,02;11,05;11,01;11,034;-0,088;3622;61996
3/4/20;11,18;11,29;11;11,122;-0,096;2570;61151
3/3/20;11,05;11,225;11,05;11,218;0,365;4218;60116
3/2/20;11;11;10,735;10,853;0,043;4095;59779
2/28/20;10,75;10,855;10,75;10,81;0,05;2265;59179
2/27/20;10,975;10,975;10,745;10,76;-0,281;2660;58984
2/26/20;10,8;11,041;10,8;11,041;0,1;4141;58955
2/25/20;10,941;10,941;10,941;10,941;-0,136;4245;58750
2/24/20;11,25;11,29;11,05;11,077;-0,52;1392;58560
2/21/20;11,65;11,65;11,597;11,597;-0,116;5186;61144
2/20/20;11,8;11,92;11,7;11,713;-0,204;2600;60624
2/19/20;11,75;11,92;11,75;11,917;-0,13;4315;60247
2/18/20;12,105;12,17;11,99;12,047;-0,083;3420;59804
2/17/20;11,985;12,2;11,985;12,13;0,348;5139;59265
2/14/20;11,72;11,86;11,72;11,782;0,158;3639;58442
2/13/20;11,5;11,624;11,5;11,624;0,22;2785;58441
2/12/20;11,39;11,52;11,39;11,404;0,219;4460;58041
2/11/20;11,09;11,185;11,09;11,185;0,075;6942;56987
2/10/20;11,11;11,15;11,035;11,11;-0,279;3900;56272
2/7/20;11,4;11,5;11,389;11,389;0,08;4120;55352
2/6/20;11,225;11,309;11,175;11,309;-0,144;4085;53701
2/5/20;11,425;11,453;11,35;11,453;0,105;5170;54207
2/4/20;11,18;11,348;11,17;11,348;0,309;7480;54302
2/3/20;11,2;11,2;11,039;11,039;-0,379;4435;54620
1/31/20;11,418;11,418;11,418;11,418;-0,145;7910;53780
1/30/20;11,55;11,625;11,55;11,563;-0,152;9215;52905
1/29/20;12,075;12,075;11,65;11,715;-0,544;7365;50175
1/28/20;12,165;12,259;12,15;12,259;0,321;3770;49320
1/27/20;11,938;11,938;11,938;11,938;-0,037;3941;49390
1/24/20;12;12,02;11,955;11,975;0,133;2095;49039
1/23/20;11,842;11,842;11,842;11,842;-0,123;6405;49714
1/22/20;12,2;12,2;11,91;11,965;-0,254;5050;50259
1/21/20;12,35;12,35;12,065;12,219;0,118;2825;50543
1/20/20;12,075;12,12;12;12,101;-0,301;6926;50773
1/17/20;12,402;12,402;12,402;12,402;-0,22;5800;50427
1/16/20;12,95;12,95;12,55;12,622;-0,18;3835;49657
1/15/20;12,82;12,9;12,75;12,802;-0,201;7505;47794
1/14/20;12,945;13,003;12,945;13,003;-0,552;3875;46384
1/13/20;13,65;13,65;13,555;13,555;0,065;2915;45479
1/10/20;13,575;13,575;13,49;13,49;-0,244;3870;44719
1/9/20;13,65;13,76;13,65;13,734;0,126;2500;43919
1/8/20;13,608;13,608;13,608;13,608;-0,078;2875;42484
1/7/20;13,686;13,686;13,686;13,686;-0,274;3600;42854
1/6/20;13,96;13,96;13,96;13,96;-0,379;3070;43019
1/3/20;14,339;14,339;14,339;14,339;0,891;3310;42794
1/2/20;13,448;13,448;13,448;13,448;-0,115;3035;42133
12/31/19;13,563;13,563;13,563;13,563;-0,311;880;41933
12/30/19;13,874;13,874;13,874;13,874;-0,373;610;41928
12/27/19;14,247;14,247;14,247;14,247;-0,063;800;41799
12/26/19;14,31;14,31;14,31;14,31;0;505;41889
12/24/19;14,31;14,31;14,31;14,31;-0,31;0;41889
12/23/19;14,62;14,62;14,62;14,62;-0,601;475;42039
12/20/19;15,221;15,221;15,221;15,221;-0,262;3715;42148
12/19/19;15,45;15,483;15,45;15,483;0,346;3350;41671
12/18/19;15,137;15,137;15,137;15,137;0,195;2980;41741
12/17/19;14,942;14,942;14,942;14,942;0,29;2120;41921
12/16/19;14,652;14,652;14,652;14,652;0,117;995;41766
12/13/19;14,535;14,535;14,535;14,535;-0,544;2005;41061
12/12/19;15,079;15,079;15,079;15,079;0,468;1925;40791
12/11/19;14,611;14,611;14,611;14,611;-0,252;3088;40010
12/10/19;14,863;14,863;14,863;14,863;-0,391;1570;39865
12/9/19;15,254;15,254;15,254;15,254;-0,19;3080;40135
12/6/19;15,444;15,444;15,444;15,444;-0,194;2570;39198
12/5/19;15,638;15,638;15,638;15,638;-0,286;1745;39128
12/4/19;15,924;15,924;15,924;15,924;0,062;1235;38993
12/3/19;15,862;15,862;15,862;15,862;-0,057;1205;38758
12/2/19;15,919;15,919;15,919;15,919;-0,336;1110;38564
11/29/19;16,255;16,255;16,255;16,255;-0,205;2265;38199
11/28/19;16,46;16,46;16,46;16,46;-0,29;615;38359
11/27/19;16,75;16,75;16,75;16,75;0,192;1015;38219
11/26/19;16,558;16,558;16,558;16,558;-0,295;490;38299
11/25/19;16,853;16,853;16,853;16,853;0,073;805;38252
11/22/19;16,78;16,78;16,78;16,78;0,305;620;38241
11/21/19;16,475;16,475;16,475;16,475;0,007;1895;37104
11/20/19;16,468;16,468;16,468;16,468;0,048;1672;36336
11/19/19;16,42;16,42;16,42;16,42;0,042;2240;35597
11/18/19;16,378;16,378;16,378;16,378;-0,196;2210;35671
11/15/19;16,574;16,574;16,574;16,574;0,167;835;35982
11/14/19;16,407;16,407;16,407;16,407;0,192;1125;36202
11/13/19;16,215;16,215;16,215;16,215;-0,085;2158;36542
11/12/19;16,32;16,32;16,3;16,3;-0,164;2610;35586
11/11/19;16,464;16,464;16,464;16,464;-0,099;1919;35236
11/8/19;16,563;16,563;16,563;16,563;-0,125;1275;35311
11/7/19;16,75;16,75;16,688;16,688;-0,14;970;35296
11/6/19;16,828;16,828;16,828;16,828;-0,292;1117;35433
11/5/19;17,12;17,12;17,12;17,12;0,189;921;35638
11/4/19;16,95;16,95;16,931;16,931;0,254;1210;35558
11/1/19;16,677;16,677;16,677;16,677;0,02;1030;35738
10/31/19;16,657;16,657;16,657;16,657;0,023;585;35788
10/30/19;16,634;16,634;16,634;16,634;-0,213;1253;35439
10/29/19;16,847;16,847;16,847;16,847;0,007;2192;34852
10/28/19;16,84;16,84;16,84;16,84;-0,078;1185;34862
10/25/19;16,918;16,918;16,918;16,918;-0,222;765;34737
10/24/19;17,14;17,14;17,14;17,14;0,13;736;34196
10/23/19;17,01;17,01;17,01;17,01;-0,088;2155;33711
10/22/19;17,098;17,098;17,098;17,098;-0,066;2420;32202
10/21/19;17,164;17,164;17,164;17,164;-0,234;1425;32317
10/18/19;17,398;17,398;17,398;17,398;-0,095;860;32107
10/17/19;17,493;17,493;17,493;17,493;-0,107;965;32277
10/16/19;17,6;17,6;17,6;17,6;-0,11;1031;32033
10/15/19;17,71;17,71;17,71;17,71;-0,009;785;31743
10/14/19;17,719;17,719;17,719;17,719;-0,176;813;31858
10/11/19;17,85;17,895;17,85;17,895;0,251;1580;31580
10/10/19;17,644;17,644;17,644;17,644;0,195;1375;31168
10/9/19;17,449;17,449;17,449;17,449;0,108;1280;30695
10/8/19;17,341;17,341;17,341;17,341;0,037;940;30645
10/7/19;17,304;17,304;17,304;17,304;-0,058;676;30515
10/4/19;17,362;17,362;17,362;17,362;-0,046;544;30524
10/3/19;17,408;17,408;17,408;17,408;-0,248;950;30637
10/2/19;17,656;17,656;17,656;17,656;-0,415;1906;30286
10/1/19;18,071;18,071;18,071;18,071;0,074;2010;30051
9/30/19;17,997;17,997;17,997;17,997;0,131;845;29752
9/27/19;17,866;17,866;17,866;17,866;-0,253;665;29506
9/26/19;18,119;18,119;18,119;18,119;0,134;1244;29878
9/25/19;17,985;17,985;17,985;17,985;-0,362;535;29703
9/24/19;18,347;18,347;18,347;18,347;-0,016;2940;29453
9/23/19;18,363;18,363;18,363;18,363;-0,163;820;29358
9/20/19;18,526;18,526;18,526;18,526;0,36;572;29176
9/19/19;18,166;18,166;18,166;18,166;0,097;395;29126
9/18/19;18,069;18,069;18,069;18,069;-0,159;1555;29088
9/17/19;18,228;18,228;18,228;18,228;-0,724;1801;28732
9/16/19;18,952;18,952;18,952;18,952;1,233;1992;28629
9/13/19;17,719;17,719;17,719;17,719;-0,09;2327;28865
9/12/19;17,809;17,809;17,809;17,809;-0,502;2710;29100
9/11/19;18,311;18,311;18,311;18,311;0,07;2763;28661
9/10/19;18,241;18,241;18,241;18,241;1,059;3192;28279
9/9/19;17,182;17,182;17,182;17,182;0,103;2176;28164
9/6/19;17,079;17,079;17,079;17,079;-0,047;1135;28169
9/5/19;17;17,126;17;17,126;0,322;490;28064
9/4/19;16,804;16,804;16,804;16,804;0,063;585;27964
9/3/19;16,741;16,741;16,741;16,741;0,073;700;27885
9/2/19;16,668;16,668;16,668;16,668;-0,464;1510;27344
8/30/19;17,132;17,132;17,132;17,132;0,082;1070;27049
8/29/19;17,05;17,05;17,05;17,05;0,143;1230;27064
8/28/19;16,907;16,907;16,907;16,907;-0,011;884;26691
8/27/19;16,918;16,918;16,918;16,918;-0,182;1585;26316
8/26/19;17,1;17,1;17,1;17,1;-0,011;1594;25613
8/23/19;17,111;17,111;17,111;17,111;-0,326;35;25628
8/22/19;17,437;17,437;17,437;17,437;0,028;1492;24968
8/21/19;17,409;17,409;17,409;17,409;0,037;1610;24800
8/20/19;17,372;17,372;17,372;17,372;0,117;1151;24534
8/19/19;17,255;17,255;17,255;17,255;-0,061;980;24682
8/16/19;17,316;17,316;17,316;17,316;-0,016;606;24862
8/15/19;17,332;17,332;17,332;17,332;-0,151;526;24777
8/14/19;17,483;17,483;17,483;17,483;-0,181;326;24796
8/13/19;17,664;17,664;17,664;17,664;0,316;560;24778
8/12/19;17,348;17,348;17,348;17,348;-0,195;666;24833
8/9/19;17,543;17,543;17,543;17,543;-0,122;736;24802
8/8/19;17,665;17,665;17,665;17,665;-0,076;1341;24825
8/7/19;17,741;17,741;17,741;17,741;-0,26;1056;24880
8/6/19;18,001;18,001;18,001;18,001;-0,056;1298;24620
8/5/19;18,057;18,057;18,057;18,057;-0,256;930;24400
8/2/19;18,313;18,313;18,313;18,313;-0,468;285;24313
8/1/19;18,781;18,781;18,781;18,781;0,268;1131;24096
7/31/19;18,513;18,513;18,513;18,513;0,166;1075;23759
7/30/19;18,347;18,347;18,347;18,347;-0,046;391;23769
7/29/19;18,393;18,393;18,393;18,393;-0,229;1275;24059
7/26/19;18,622;18,622;18,622;18,622;-0,041;705;24169
7/25/19;18,663;18,663;18,663;18,663;0,05;411;24039
7/24/19;18,613;18,613;18,613;18,613;-0,18;810;23989
7/23/19;18,793;18,793;18,793;18,793;0,268;950;24239
7/22/19;18,525;18,525;18,525;18,525;-0,17;145;24184
7/19/19;18,695;18,695;18,695;18,695;0,18;370;24344
7/18/19;18,515;18,515;18,515;18,515;-0,18;627;24271
7/17/19;18,695;18,695;18,695;18,695;0,007;966;23966
7/16/19;18,688;18,688;18,688;18,688;-0,686;1471;23284
7/15/19;19,374;19,374;19,374;19,374;-0,388;2000;23399
7/12/19;19,762;19,762;19,762;19,762;0,163;1404;23601
7/11/19;19,599;19,599;19,599;19,599;0,36;2133;23085
7/10/19;19,239;19,239;19,239;19,239;0,443;1296;23254
7/9/19;18,796;18,796;18,796;18,796;-0,072;875;23381
7/8/19;18,868;18,868;18,868;18,868;0,336;1120;23566
7/5/19;18,532;18,532;18,532;18,532;0,326;920;23571
7/4/19;18,206;18,206;18,206;18,206;0,13;620;23608
7/3/19;18,076;18,076;18,076;18,076;-0,089;445;23498
7/2/19;18,165;18,165;18,165;18,165;-0,293;750;23348
7/1/19;18,458;18,458;18,458;18,458;0,041;915;23143
6/28/19;18,417;18,417;18,417;18,417;-0,213;721;23227
6/27/19;18,63;18,63;18,63;18,63;-0,132;780;23186
6/26/19;18,762;18,762;18,762;18,762;0,15;965;23107
6/25/19;18,612;18,612;18,612;18,612;-0,228;490;23212
6/24/19;18,84;18,84;18,84;18,84;0,222;1790;22772
6/21/19;18,618;18,618;18,618;18,618;0,3;1162;22611
6/20/19;18,318;18,318;18,318;18,318;0,259;535;22701
6/19/19;18,059;18,059;18,059;18,059;-0,127;675;22756
6/18/19;18,186;18,186;18,186;18,186;-0,12;766;22675
6/17/19;18,306;18,306;18,306;18,306;0,022;625;22560
6/14/19;18,284;18,284;18,284;18,284;-0,213;450;22420
6/13/19;18,497;18,497;18,497;18,497;0,226;821;22735
6/12/19;18,271;18,271;18,271;18,271;-0,069;1245;22660
6/11/19;18,34;18,34;18,34;18,34;-0,634;1030;22260
6/10/19;18,974;18,974;18,974;18,974;0,23;1663;22791
6/7/19;18,744;18,744;18,744;18,744;0,456;250;22681
6/6/19;18,288;18,288;18,288;18,288;-0,08;186;22721
6/5/19;18,368;18,368;18,368;18,368;0,003;365;22571
6/4/19;18,365;18,365;18,365;18,365;0,005;2061;21966
6/3/19;18,36;18,36;18,36;18,36;-0,087;695;21936
5/31/19;18,447;18,447;18,447;18,447;-0,659;935;21689
5/30/19;19,106;19,106;19,106;19,106;-0,208;1471;21433
5/29/19;19,314;19,314;19,314;19,314;-0,003;410;21453
5/28/19;19,317;19,317;19,317;19,317;0,416;325;21403
5/27/19;18,901;18,901;18,901;18,901;-0,124;375;21393
5/24/19;19,025;19,025;19,025;19,025;-0,166;30;21378
5/23/19;19,191;19,191;19,191;19,191;-0,076;586;21503
5/22/19;19,267;19,267;19,267;19,267;0,11;755;21503
5/21/19;19,157;19,157;19,157;19,157;0,058;325;21463
5/20/19;19,099;19,099;19,099;19,099;-0,03;1011;21182
5/17/19;19,129;19,129;19,129;19,129;-0,117;685;21087
5/16/19;19,246;19,246;19,246;19,246;-0,306;606;21051
5/15/19;19,552;19,552;19,552;19,552;0,24;2560;21386
5/14/19;19,312;19,312;19,312;19,312;0,204;1090;21206
5/13/19;19,108;19,108;19,108;19,108;0,046;380;21096
5/10/19;19,062;19,062;19,062;19,062;-0,395;870;20766
5/9/19;19,457;19,457;19,457;19,457;-0,191;1706;19975
5/8/19;19,648;19,648;19,648;19,648;-0,037;1744;19190
5/7/19;19,685;19,685;19,685;19,685;0,195;1803;18650
5/6/19;19,49;19,49;19,49;19,49;-0,063;1181;18714
5/3/19;19,553;19,553;19,553;19,553;0,52;0;18714
5/2/19;19,033;19,033;19,033;19,033;-0,189;475;18686
5/1/19;19,222;19,222;19,222;19,222;-0,414;965;18609
4/30/19;19,636;19,636;19,636;19,636;-0,35;490;18614
4/29/19;19,986;19,986;19,986;19,986;-0,049;340;18664
4/26/19;20,035;20,035;20,035;20,035;-0,309;610;18679
4/25/19;20,344;20,344;20,344;20,344;0,196;415;18584
4/24/19;20,148;20,148;20,148;20,148;-0,011;510;18504
4/23/19;20,159;20,159;20,159;20,159;0,277;1135;18329
4/22/19;19,882;19,882;19,882;19,882;0;705;18114
4/18/19;19,882;19,882;19,882;19,882;-0,201;0;18114
4/17/19;20,083;20,083;20,083;20,083;0,358;230;18089
4/16/19;19,725;19,725;19,725;19,725;-0,074;215;18134
4/15/19;19,799;19,799;19,799;19,799;-0,292;445;18059
4/12/19;20,091;20,091;20,091;20,091;-0,177;355;18101
4/11/19;20,268;20,268;20,268;20,268;0,142;670;18101
4/10/19;20,126;20,126;20,126;20,126;-0,083;1361;18396
4/9/19;20,209;20,209;20,209;20,209;0,467;2426;18784
4/8/19;19,742;19,742;19,742;19,742;-0,547;1586;18369
4/5/19;20,289;20,289;20,289;20,289;0,768;1427;18228
4/4/19;19,521;19,521;19,521;19,521;0,576;2611;17836
4/3/19;18,945;18,945;18,945;18,945;0,388;960;17931
4/2/19;18,557;18,557;18,557;18,557;-0,121;1180;17641
4/1/19;18,678;18,678;18,678;18,678;-0,073;1126;17221
3/29/19;18,751;18,751;18,751;18,751;-0,024;540;17245
3/28/19;18,775;18,775;18,775;18,775;-0,17;721;17454
3/27/19;18,945;18,945;18,945;18,945;0,507;2620;17614
3/26/19;18,438;18,438;18,438;18,438;0,226;1900;17868
3/25/19;18,212;18,212;18,212;18,212;-0,182;806;17533
3/22/19;18,394;18,394;18,394;18,394;0,146;415;17458
3/21/19;18,248;18,248;18,248;18,248;-0,162;761;17582
3/20/19;18,41;18,41;18,41;18,41;0,292;836;17331
3/19/19;18,118;18,118;18,118;18,118;-0,014;395;17186
3/18/19;18,132;18,132;18,132;18,132;-0,289;781;16940
3/15/19;18,421;18,421;18,421;18,421;-0,353;1451;16745
3/14/19;18,774;18,774;18,774;18,774;-0,245;691;16748
3/13/19;19,019;19,019;19,019;19,019;-0,213;1461;16337
3/12/19;19,232;19,232;19,232;19,232;-0,211;1050;16152
3/11/19;19,443;19,443;19,443;19,443;-0,095;2396;16076
3/8/19;19,538;19,538;19,538;19,538;-0,129;1363;15816
3/7/19;19,667;19,667;19,667;19,667;0,146;451;15736
3/6/19;19,521;19,521;19,521;19,521;-0,265;528;15472
3/5/19;19,786;19,786;19,786;19,786;-0,194;475;15397
3/4/19;19,98;19,98;19,98;19,98;0,08;325;15337
3/1/19;19,9;19,9;19,9;19,9;-0,168;625;15372
2/28/19;20,068;20,068;20,068;20,068;0,064;353;15220
2/27/19;20,004;20,004;20,004;20,004;0,364;270;15180
2/26/19;19,64;19,64;19,64;19,64;0,052;355;15270
2/25/19;19,588;19,588;19,588;19,588;-0,152;580;15315
2/22/19;19,74;19,74;19,74;19,74;-0,094;608;15299
2/21/19;19,834;19,834;19,834;19,834;-0,208;214;15279
2/20/19;20,042;20,042;20,042;20,042;0,227;815;14994
2/19/19;19,815;19,815;19,815;19,815;0,313;295;14949
2/18/19;19,502;19,502;19,502;19,502;-0,262;650;14674
2/15/19;19,764;19,764;19,764;19,764;0,313;575;14759
2/14/19;19,451;19,451;19,451;19,451;-0,121;466;14755
2/13/19;19,572;19,572;19,572;19,572;0,265;860;14600
2/12/19;19,307;19,307;19,307;19,307;-0,117;576;14520
2/11/19;19,424;19,424;19,424;19,424;-0,016;460;14535
2/8/19;19,44;19,44;19,44;19,44;-0,345;346;14510
2/7/19;19,785;19,785;19,785;19,785;-0,038;1286;14411
2/6/19;19,823;19,823;19,823;19,823;-0,016;555;14364
2/5/19;19,839;19,839;19,839;19,839;-0,086;629;14344
2/4/19;19,925;19,925;19,925;19,925;-0,223;310;14224
2/1/19;20,148;20,148;20,148;20,148;-0,088;905;14249
1/31/19;20,236;20,236;20,236;20,236;-0,074;705;14004
1/30/19;20,31;20,31;20,31;20,31;-0,091;1380;13504
1/29/19;20,401;20,401;20,401;20,401;0,159;490;13451
1/28/19;20,242;20,242;20,242;20,242;-0,117;285;13301
1/25/19;20,359;20,359;20,359;20,359;0,008;320;13289
1/24/19;20,351;20,351;20,351;20,351;-0,396;155;13269
1/23/19;20,747;20,747;20,747;20,747;0,239;280;13149
1/22/19;20,508;20,508;20,508;20,508;-0,064;209;13118
1/21/19;20,572;20,572;20,572;20,572;-0,266;740;13113
1/18/19;20,838;20,838;20,838;20,838;0,121;158;13098
1/17/19;20,717;20,717;20,717;20,717;0,475;589;13034
1/16/19;20,242;20,242;20,242;20,242;0,295;335;13073
1/15/19;19,947;19,947;19,947;19,947;0,277;313;12933
1/14/19;19,67;19,67;19,67;19,67;-0,137;205;12868
1/11/19;19,807;19,807;19,807;19,807;0,234;110;12818
1/10/19;19,573;19,573;19,573;19,573;0,05;295;12768
1/9/19;19,523;19,523;19,523;19,523;-0,145;811;13050
1/8/19;19,668;19,668;19,668;19,668;0,246;766;13050
1/7/19;19,422;19,422;19,422;19,422;-0,337;1021;13357
1/4/19;19,759;19,759;19,759;19,759;0,493;585;13317
1/3/19;19,266;19,266;19,266;19,266;-0,087;1642;13420
1/2/19;19,353;19,353;19,353;19,353;0,068;316;13365
;;;;4,494592956;;;